{"model":{"version":3,"nodes":[{"name":"RootNode","position":[0,0,0],"rotation":[0,0,0],"scale":[0.01,0.01,0.01],"scaleCompensation":false},{"name":"Sphere001","position":[-0.189285,0,-0.553268],"rotation":[90,-0,0],"scale":[1.46967,1.59515,0.934582],"scaleCompensation":false}],"parents":[-1,0],"skins":[],"morphs":[],"vertices":[{"position":{"type":"float32","components":3,"data":[1.13838,1.66621,17.3616,-0.997533,10.4388,20.0708,-4.15238,9.67212,20.3811,-6.5362,7.27956,19.7372,-7.89661,4.02479,18.0043,-8.31413,0.53535,16.6879,-7.98092,-2.73842,17.0946,-6.85482,-5.33721,18.6444,-4.78914,-6.95491,19.9,-1.87475,-7.72419,20.3338,1.4942,-7.94767,20.3742,1.13838,1.66621,17.3616,1.4942,-7.94767,20.3742,4.8627,-7.5872,20.1672,7.77637,-6.27189,19.6258,9.6536,-3.84027,19.1645,9.94208,-0.599313,19.33,8.51569,2.99019,19.8676,5.81561,6.48056,20.0267,2.47076,9.23359,19.8899,-0.997533,10.4388,20.0708,-8.33962,15.4654,19.7325,-2.26621,17.7403,17.6326,-13.1321,11.1629,20.0299,-15.7619,5.23283,17.5298,-16.5905,-1.28098,14.5501,-16.5082,-7.38427,15.5884,-14.5519,-12.2372,19.2619,-10.4832,-15.6785,20.1384,-5.05385,-16.5553,19.6249,1.22904,-16.3318,20.1748,7.51697,-15.6869,20.9711,1.22904,-16.3318,20.1748,12.7345,-12.959,18.7279,16.3792,-7.92147,16.0705,17.4563,-1.73169,18.0822,14.8461,4.56845,21.4778,9.90335,10.6313,19.9535,4.01217,15.7273,18.2569,-2.26621,17.7403,17.6326,-10.7711,21.0258,12.3424,-2.45592,24.2872,9.49782,-17.3279,15.8884,15.0757,-20.2979,8.32839,13.7154,-21.4544,0.164206,9.76137,-21.6829,-8.13028,10.2936,-18.5315,-15.1577,13.3317,-13.0962,-19.6763,12.9891,-5.49149,-21.5813,12.428,2.85681,-20.7335,13.3096,10.8212,-20.0267,15.8717,2.85681,-20.7335,13.3096,17.7249,-17.0755,12.2853,22.0157,-9.92891,8.18849,23.7848,-1.51282,11.1665,20.372,6.38247,17.3823,13.2801,14.4468,16.3225,5.64117,21.8947,13.2255,-2.45592,24.2872,9.49782,-9.04567,27.439,2.90214,0.332466,29.775,-0.41932,-17.1145,21.0261,7.14195,-21.4638,12.1364,5.57137,-22.2727,2.90274,1.38053,-21.4892,-6.27507,1.77953,-18.1805,-13.8076,4.46896,-12.5499,-18.0694,3.33642,-4.23777,-20.4526,3.05074,5.04846,-21.1156,3.64804,14.0547,-20.4331,6.91953,5.04846,-21.1156,3.64804,22.1492,-15.4287,3.44542,27.119,-6.64886,-0.794254,28.0491,2.79331,1.56467,23.7754,11.2334,8.40609,16.9323,18.7656,7.9201,9.21049,25.909,4.78599,0.332466,29.775,-0.41932,-7.56529,24.7752,-6.21026,1.27139,27.3813,-9.36071,-15.4452,18.9684,-2.4721,-20.9843,11.2986,-3.93777,-22.3797,2.58227,-8.04653,-21.8472,-6.32868,-7.6301,-18.6787,-14.1179,-4.83343,-12.5157,-19.3105,-5.68158,-4.25495,-21.2732,-6.08648,4.71505,-21.5019,-5.35659,13.1828,-19.6104,-2.30419,4.71505,-21.5019,-5.35659,20.2777,-13.1085,-5.85877,25.1057,-4.82564,-10.1145,26.2285,4.11353,-7.45344,22.7143,12.6677,-0.772538,17.4422,19.3483,-1.43676,10.0692,24.372,-4.61802,1.27139,27.3813,-9.36071,-7.95875,18.1857,-14.0197,-0.448897,20.0492,-16.5228,-14.8058,13.6749,-12.6303,-19.1948,7.69251,-14.2426,-20.3906,0.5996,-17.8437,-19.7992,-6.83801,-17.0719,-16.9906,-13.5542,-13.6471,-11.5818,-18.3142,-13.3726,-4.59554,-20.1944,-14.0215,2.84677,-20.473,-13.1658,9.74007,-19.0489,-11.3887,2.84677,-20.473,-13.1658,15.3311,-13.7027,-14.6291,19.1571,-6.35829,-18.2,19.9391,1.19512,-15.331,17.0615,7.92457,-10.1952,12.4805,13.1061,-11.712,6.6724,17.6545,-14.2953,-0.448897,20.0492,-16.5228,-6.67016,11.7413,-22.0389,-1.8537,12.5379,-23.4923,-10.5994,9.13999,-22.0887,-13.0265,5.34772,-25.3745,-13.9271,0.663584,-27.6406,-13.3358,-4.23481,-26.6323,-11.1676,-8.71949,-23.476,-7.46533,-12.0964,-22.0611,-2.84573,-13.8558,-22.19,2.06379,-14.1715,-22.0547,6.60015,-13.1241,-21.9864,2.06379,-14.1715,-22.0547,10.1542,-10.5472,-23.092,12.3628,-6.36779,-24.5985,12.6775,-1.48127,-23.8357,10.8909,3.28627,-22.2334,7.4007,7.71206,-22.5545,2.98165,11.0869,-23.7711,-1.8537,12.5379,-23.4923,-0.261866,-0.383285,-33.3923,-0.261866,-0.383285,-33.3923]},"normal":{"type":"float32","components":3,"data":[-0.108363,-0.0543858,0.992623,0.122503,0.0631229,0.990459,0.0497062,-0.0892115,0.994772,-0.0539749,-0.328094,0.943102,-0.0892704,-0.400348,0.912004,-0.139526,-0.122009,0.982673,-0.227193,0.26674,0.936607,-0.255702,0.361116,0.896779,-0.18334,0.222384,0.957565,-0.0617942,0.131308,0.989414,-0.00102985,0.153299,0.988179,-0.108363,-0.0543858,0.992623,-0.00102985,0.153299,0.988179,0.0921831,0.190992,0.977253,0.163442,0.120725,0.979138,0.106999,-0.0356149,0.993621,-0.0890035,-0.178391,0.979926,-0.210816,-0.161068,0.964165,-0.122994,-0.0783374,0.989311,0.00122574,0.00703475,0.999974,0.122503,0.0631229,0.990459,-0.0990966,0.482992,0.869999,0.0776841,0.626534,0.775513,-0.363551,0.0721503,0.928776,-0.451629,-0.258489,0.85394,-0.526359,-0.06222,0.847983,-0.606112,0.177896,0.77523,-0.532366,-0.0466688,0.845227,-0.241532,-0.416487,0.876471,-0.026147,-0.515041,0.856766,-0.071451,-0.493455,0.866831,0.189239,-0.328193,0.925461,-0.071451,-0.493455,0.866831,0.532237,-0.124529,0.837386,0.604601,-0.222177,0.764915,0.490826,-0.297364,0.818941,0.232198,0.0142824,0.972564,0.0905636,0.329411,0.939833,0.0871508,0.472405,0.877062,0.0776841,0.626534,0.775513,-0.25165,0.785743,0.565049,-0.0448111,0.826526,0.561112,-0.660984,0.49062,0.567797,-0.86938,0.0474534,0.491861,-0.932765,-0.0215218,0.359842,-0.943511,-0.14838,0.29626,-0.796648,-0.508787,0.326324,-0.446375,-0.869105,0.213088,-0.100163,-0.969987,0.221569,0.0223475,-0.954701,0.296726,0.303332,-0.822415,0.481272,0.0223475,-0.954701,0.296726,0.685218,-0.593384,0.422341,0.839844,-0.277571,0.466493,0.857507,-0.181698,0.481318,0.709307,0.211924,0.672289,0.414821,0.591719,0.691226,0.158646,0.738066,0.655812,-0.0448111,0.826526,0.561112,-0.405844,0.908891,0.095954,0.0503697,0.998536,0.0197247,-0.707713,0.690105,0.151318,-0.960486,0.265844,0.0824247,-0.998487,0.00472838,0.0547806,-0.975854,-0.218021,0.0132241,-0.788181,-0.614048,-0.0414339,-0.450468,-0.892502,-0.0227767,-0.162217,-0.986279,-0.0306599,0.0478263,-0.998849,0.00357586,0.370191,-0.927971,0.0427702,0.0478263,-0.998849,0.00357586,0.743572,-0.668196,0.024782,0.947289,-0.320026,0.0150802,0.988051,0.113708,0.104051,0.835504,0.454929,0.308177,0.614397,0.716353,0.330688,0.443499,0.866067,0.230728,0.0503697,0.998536,0.0197247,-0.498639,0.764065,-0.409346,0.103119,0.845801,-0.523437,-0.703259,0.639292,-0.311019,-0.88932,0.410022,-0.202465,-0.98767,0.0836231,-0.132347,-0.966616,-0.2388,-0.0928827,-0.804657,-0.591694,-0.0492441,-0.449978,-0.892617,-0.027478,-0.13219,-0.991066,-0.0177448,0.110759,-0.992067,-0.0594522,0.431072,-0.891313,-0.140493,0.110759,-0.992067,-0.0594522,0.661836,-0.68668,-0.300739,0.86129,-0.247921,-0.443525,0.823999,0.35133,-0.444514,0.781776,0.563657,-0.26668,0.687146,0.683053,-0.247527,0.553716,0.761077,-0.337876,0.103119,0.845801,-0.523437,-0.461443,0.675905,-0.574649,0.0365857,0.701941,-0.711295,-0.622968,0.63708,-0.453916,-0.800546,0.457812,-0.386697,-0.905381,0.100499,-0.412535,-0.839773,-0.34377,-0.420243,-0.695745,-0.610559,-0.37836,-0.442013,-0.803074,-0.39962,-0.139458,-0.907251,-0.396795,0.128922,-0.920215,-0.369572,0.391155,-0.854843,-0.340941,0.128922,-0.920215,-0.369572,0.582879,-0.682563,-0.440864,0.745643,-0.248381,-0.618323,0.668837,0.391653,-0.631874,0.588504,0.552102,-0.590632,0.661062,0.468611,-0.586004,0.521695,0.582898,-0.622948,0.0365857,0.701941,-0.711295,-0.367641,0.623236,-0.69023,-0.0709238,0.665588,-0.742941,-0.374554,0.673629,-0.637129,-0.47632,0.577262,-0.66324,-0.619322,0.117346,-0.776318,-0.533849,-0.43205,-0.726869,-0.387387,-0.639524,-0.664033,-0.316699,-0.65021,-0.6906,-0.144497,-0.696294,-0.703062,0.0823532,-0.724088,-0.684773,0.25311,-0.711191,-0.655853,0.0823532,-0.724088,-0.684773,0.408749,-0.609992,-0.678848,0.578404,-0.26402,-0.771844,0.632808,0.259074,-0.729681,0.606325,0.47461,-0.638055,0.605252,0.486196,-0.630304,0.371629,0.620133,-0.690889,-0.0709238,0.665588,-0.742941,0.0788873,0.0227036,-0.996625,0.0788873,0.0227036,-0.996625]},"texCoord0":{"type":"float32","components":2,